,0
0,GGGGA
1,GCGCG
2,TGGTA
3,GAAGC
4,TAGTC
5,TTAAC
6,ATGAG
7,CCAGT
8,CCAAG
9,GGAAG
10,CGGCT
11,ACCAC
12,GGTTT
13,CGTTT
14,ACTTC
15,CTGCG
16,ATAGG
17,GGACG
18,GCGAG
19,AGTAT
20,TGCTC
21,ACCTG
22,CCGTG
23,CCCCA
24,CCAAC
25,CCAGG
26,ATGTC
27,TCTAG
28,ACCTC
29,CAAAG
30,AAATC
31,GCACG
32,CTCCG
33,ACGAG
34,CAGCG
35,AGGGC
36,AAGAG
37,GTGCT
38,CAGCT
39,CACTG
40,ATCTA
41,CCTCA
42,TCTCG
43,CATCT
44,ATTGT
45,CCCGA
46,ACAAC
47,CCGCT
48,GTAGC
49,CACGA
50,GCGAT
51,TCACC
52,ACAGA
53,GCACC
54,TACTG
55,TAATA
56,CATTC
57,CGACT
58,AATGG
59,GGAGA
60,TATGT
61,CTAGA
62,CCACC
63,TGTCG
64,ACATG
65,AGCAA
66,CGACC
67,TGGTG
68,GGCGG
69,GTATG
70,TCGGG
71,GCGCC
72,TACGG
73,TCATT
74,TCTCC
75,AGGTC
76,ACCCT
77,TGCAT
78,AGGTT
79,CCCAA
80,ATACA
81,TTTTT
82,TGTAA
83,GGGTT
84,TATCT
85,TGTTT
86,CGGAT
87,CGATA
88,GGGAC
89,GAATG
90,CTACT
91,GCTAG
92,GCGGC
93,GTCTC
94,CTACA
95,GTTTA
96,CAAGC
97,GAACA
98,CCAAA
99,CTCCC
100,TATCA
101,ACTCA
102,TCAGG
103,GTAGA
104,AACAT
105,CTGTC
106,CTGTA
107,TGGCA
108,AAAGG
109,ATAGT
110,CATGC
111,CCCCT
112,CCTGG
113,GTTGC
114,TGGTT
115,TTACA
116,CTGAG
117,AGTGC
118,GTCGA
119,GTAAG
120,TGTTC
121,AACCT
122,CATCG
123,GTACG
124,GCCGA
125,AGTTC
126,GCCTA
127,GACTG
128,GGGCC
129,GCCCC
130,TCAGC
131,ACGCT
132,AGAGT
133,CTCAA
134,GAGGC
135,GGTGT
136,GCAGC
137,CTCTG
138,TGGGC
139,TCCTA
140,CTTGG
141,TCCGG
142,AGTGT
143,CACAC
144,AATTT
145,CTCGA
146,TGAAC
147,CGCGC
148,CTTAT
149,GTTGG
150,CTTCA
151,ATTGC
152,TCAGA
153,TACAA
154,TCCCG
155,CAGTT
156,CTCTC
157,TAAAT
158,CTTCT
159,GCTGA
160,ATAGC
161,ATTTC
162,GAGCG
163,ACCAA
164,TGGCT
165,GGTCT
166,TTTGT
167,CTTTT
168,TATTA
169,GATTC
170,TTGAA
171,CTGGC
172,ATCAT
173,AAGTA
174,CTTCG
175,AAAGA
176,GGTAT
177,GTCTA
178,CTATG
179,CGAGA
180,GCATA
181,TAACG
182,GCAAG
183,CGGGA
184,AGCAC
185,GCGTT
186,ATCGT
187,GTTCA
188,TGCAG
189,CGTGC
190,AGAGA
191,CCCAC
192,AAGAA
193,GCTTG
194,GCCCA
195,TCGAG
196,TTGAG
197,GATCG
198,ACACA
199,CCTCT
200,GCTAT
201,CTAAG
202,CGACG
203,GCAGT
204,TTTGC
205,TCATA
206,AAAGT
207,AATGC
208,TGTAG
209,GTCAG
210,GTCGT
211,CCGCA
212,CGACA
213,AGCGA
214,GATCC
215,GGACC
216,CGTAT
217,CTAAT
218,CCTAC
219,GGAAA
220,CGGGC
221,GCCAG
222,CGCGG
223,CGTAG
224,GGCTC
225,GGCCA
226,TATAC
227,ACCGC
228,GACCT
229,CGCAC
230,AGTAG
231,CCCGT
232,CGCCC
233,TAGAA
234,GGGGT
235,CCGGC
236,TATGC
237,CTATC
238,AAACG
239,ATCCA
240,GAAGT
241,CATAG
242,TTAAG
243,ATGCC
244,CAACT
245,GCATC
246,GGATG
247,GTCCT
248,CCCTA
249,AGGCG
250,CAGGA
251,ATGGA
252,GACAT
253,TTATC
254,CCAAT
255,TTGCA
256,TTAGC
257,CCGCG
258,TGGGA
259,TGCAC
260,TGACA
261,ACTGC
262,GTGTC
263,CTGGT
264,TTCTT
265,CATTT
266,TTGAC
267,GGCTA
268,TGGGT
269,GGGCA
270,AGCTC
271,GCGAC
272,CAAAA
273,CGAAG
274,CCTGA
275,GTTCC
276,CACGC
277,AGCGG
278,ACGGT
279,TCATG
280,TTACG
281,TGGAA
282,ATGGG
283,AACAA
284,ATGTT
285,TCTGA
286,AACGC
287,CATGT
288,AACAC
289,CCGCC
290,ATCTC
291,TCCCT
292,CAAGT
293,GATTT
294,AACTC
295,GGGGC
296,GAAAG
297,GGGGG
298,TCCCC
299,TCCTG
300,GGTTA
301,AGGGA
302,ACTCC
303,TAATC
304,AGTCC
305,CAGGC
306,AAGAC
307,CACCC
308,ACGTG
309,GGAGT
310,TAATT
311,GATCA
312,CTGAT
313,CAGGG
314,AAGCA
315,CCCAT
316,CGCAG
317,TATAG
318,GCATG
319,GTATA
320,AGGCA
321,CGATT
322,GAACC
323,CCCTT
324,GGCGC
325,TTTAA
326,CCAGA
327,CCGGT
328,CGCTT
329,AGGAA
330,TTCAT
331,CTACG
332,TTTGA
333,GTTCT
334,CCACT
335,TCAAA
336,AGGCT
337,GAACG
338,ATAAT
339,CACCA
340,CCATA
341,CGTCG
342,TACTT
343,ACGCA
344,AGACC
345,ATACG
346,TAGTT
347,GGGAA
348,CGCGA
349,GCGAA
350,AGGGT
351,TGCGT
352,GAGAA
353,GACGG
354,AAGTC
355,ACGGG
356,CTCAG
357,CCATC
358,CTCGT
359,TTCTC
360,ACTTA
361,CTATT
362,GGTCC
363,CCTAG
364,GTGCA
365,CACTA
366,GACCG
367,AGTCT
368,ATAAA
369,GTAGT
370,GCTTT
371,TGACG
372,GTCGC
373,TGCCC
374,CGTGG
375,CAATA
376,TAAAA
377,GGCAG
378,TACGC
379,TCAAT
380,AGCCG
381,ACCTA
382,TTCGG
383,GACAC
384,TGCCG
385,CTGTG
386,CTGGA
387,GATAT
388,TTCGT
389,GAAAA
390,ACCCC
391,GCAAC
392,ACATA
393,GATAC
394,ATCCC
395,TTAAT
396,GTATT
397,TCGGT
398,GTGTT
399,TTTCT
400,ATTGG
401,GGCAA
402,GCCAC
403,CTGAC
404,CGGCC
405,AACCC
406,GCTAC
407,CGGTG
408,GTGGG
409,CGTTC
410,TCTGC
411,AAGTT
412,CTGCA
413,GGGTG
414,TGGCC
415,GGAGG
416,TCGTC
417,TACCA
418,ACGGC
419,TGATG
420,CAGCC
421,CTCCT
422,GAGTT
423,CGGGG
424,TTCTG
425,GACCA
426,ACCTT
427,CTTTA
428,TCTCA
429,ATTAT
430,CGTAA
431,TCCTT
432,ATAGA
433,CATGG
434,TTGCC
435,CAGGT
436,TACGA
437,ACTAT
438,TGCCA
439,TACAT
440,GGAGC
441,TCACG
442,TGCGA
443,CTTAC
444,GTGAT
445,GGGAT
446,GCGCA
447,ATTCC
448,GAGAC
449,AACTA
450,AGAAG
451,TGGTC
452,AATAC
453,ATCTT
454,CACAG
455,CCGTC
456,AGGTA
457,TACTA
458,TACAC
459,GATCT
460,TCTAA
461,CCCTG
462,AGAGC
463,GCCCG
464,TAAGA
465,TGAAT
466,GAACT
467,GCTTA
468,ACTCG
469,AAGCG
470,GTCCG
471,GTTAG
472,ACGTC
473,TCCGC
474,GAGTA
475,TGCTG
476,GATAA
477,AAGGT
478,TCCCA
479,GGTAC
480,CCTTC
481,TCGCC
482,TTCTA
483,TTATA
484,ACAAT
485,GCAAT
486,TACCG
487,TTCAG
488,GAATA
489,GAGCC
490,GTGGC
491,CTCAT
492,TGAAG
493,CCCCG
494,TCTTT
495,CATTG
496,CGCTC
497,CGATG
498,CAGCA
499,TGATC
500,TGCAA
501,TATTT
502,AAAAC
503,CTCGC
504,ACAGT
505,AACGA
506,ACTGG
507,GCGGT
508,CCCCC
509,CCTTG
510,AACAG
511,AAGGC
512,CTCCA
513,ATACC
514,TGTTA
515,TGAGG
516,GAGTC
517,CTAAC
518,TATGG
519,GCCAT
520,TTGGA
521,TAACT
522,AGGAG
523,ACGAT
524,TCTAT
525,AGCTT
526,CTTGA
527,GAAGG
528,TTCGC
529,GCGGA
530,CAAGA
531,TGTGG
532,AAAAA
533,GCCAA
534,CGTCC
535,CCTGC
536,GGACT
537,ATGCA
538,TTTGG
539,GTCTG
540,AGCGC
541,TTTTC
542,GCCGG
543,GGGCT
544,GCCGT
545,GTAAC
546,TAGGA
547,ATACT
548,GTATC
549,CAATT
550,AAACA
551,ATATC
552,GACTC
553,ACGAA
554,CTAGT
555,GTGCC
556,TCCTC
557,ACAGG
558,GGCCC
559,TAGCC
560,CTAGG
561,CGTCA
562,CCTAA
563,GGCAT
564,CGGTA
565,AAACC
566,CCAGC
567,CTGCC
568,TAACC
569,TCGCG
570,AAGCT
571,GTCTT
572,GTTAC
573,ACACG
574,AGACT
575,GCTAA
576,TCAGT
577,CATAT
578,AATGA
579,GTTTC
580,GTACC
581,CGCGT
582,CTTGC
583,ATTCA
584,TCCAC
585,ATTAA
586,GGAAT
587,CCCAG
588,TATAA
589,TCATC
590,CACAA
591,GATTA
592,TGGGG
593,CAAAC
594,ACTAG
595,CGTTA
596,TGTCA
597,CGCTG
598,GTGTA
599,GAAAC
600,CCACA
601,CCGTA
602,ACTTT
603,TGTTG
604,TCGAA
605,GTAAA
606,TTAAA
607,CCATT
608,TTTCC
609,AAATA
610,CGCTA
611,CCTCC
612,CGCCA
613,AGCAG
614,TCTTG
615,AGGCC
616,TTTTA
617,TCGGA
618,CGTGT
619,AAGCC
620,TTAGA
621,GTTGT
622,GGAAC
623,TGGAT
624,CCCGC
625,AAAGC
626,GATGC
627,ATTTT
628,CCGGG
629,CAACG
630,TAAAG
631,GCGTC
632,GTGAG
633,GATGA
634,CGGGT
635,TCAAG
636,TAGCA
637,CTTCC
638,TAGCT
639,TCGTT
640,ATGAT
641,ATTGA
642,TCGTA
643,TGCGC
644,ACATT
645,AGAAT
646,ATTAG
647,ACACT
648,GCAGA
649,CGATC
650,TGAGC
651,TGTGT
652,CACCT
653,GTGAC
654,CAAGG
655,CCTTT
656,ACGCG
657,CAGAA
658,TTCAA
659,GGTAG
660,CATCC
661,GTACA
662,CATAA
663,TTCAC
664,AGGAT
665,AACGG
666,GGATC
667,AATCA
668,TTTAG
669,TTTAC
670,GGTAA
671,CTACC
672,AAGGA
673,TTAGG
674,GGCCG
675,CATCA
676,AAAAT
677,AGACA
678,AGTCG
679,GTCGG
680,CGTGA
681,AAACT
682,GTGGT
683,CACTC
684,GGCGT
685,TGAAA
686,GTTCG
687,ATATT
688,TTGGC
689,TAAGC
690,CACGG
691,TTGGT
692,AGAGG
693,ACTAA
694,TATTG
695,AGTAA
696,GCCTG
697,GTGTG
698,AAGAT
699,GCCTC
700,ATCAA
701,CTGAA
702,CATGA
703,GAGAT
704,AAGGG
705,AAATG
706,TGACC
707,TAGTA
708,CCGGA
709,TTTAT
710,ATTAC
711,AATGT
712,ATATA
713,GACGC
714,TTAGT
715,CCGAA
716,TGAGT
717,GGACA
718,GGTGC
719,TGACT
720,TCCGT
721,CAACA
722,ATAAC
723,GAGGG
724,TTTCA
725,AGATC
726,CGAAT
727,TCCAT
728,AATCG
729,TCCAG
730,GAGGA
731,CAGTG
732,AATAT
733,TATAT
734,GGGTA
735,CGTTG
736,ATGAA
737,AGGGG
738,ACAAG
739,GCAGG
740,CGAGG
741,ATCCT
742,AGAAA
743,GCAAA
744,CGGTC
745,AGAAC
746,TCAAC
747,CAAAT
748,TTGTC
749,TAGAT
750,TTGTT
751,TCACA
752,ACGTT
753,GTAAT
754,GCGCT
755,CATAC
756,CCACG
757,CGAGC
758,TTCCA
759,GATTG
760,CTCAC
761,ATAAG
762,GCGTG
763,AGCCA
764,CAGAC
765,TACCC
766,TAGAG
767,GCTCC
768,TATCG
769,GTTTG
770,TTCCG
771,GCCCT
772,AGATG
773,CTTTG
774,TACAG
775,GTTTT
776,TACCT
777,ACTAC
778,GACTA
779,TCTAC
780,TTTCG
781,ATTTA
782,GGGCG
783,GGTTG
784,GCGGG
785,GAATC
786,AATTA
787,ATTCG
788,CTTAG
789,TTTTG
790,ATTCT
791,TTGAT
792,ACGTA
793,CCGAC
794,TTACT
795,GTGGA
796,GCTCG
797,GTCAT
798,GAAGA
799,TGGAC
800,TAATG
801,GTACT
802,GTCAA
803,TGTGA
804,ACTGA
805,AATTC
806,TCTGT
807,ACCCG
808,ACGCC
809,AATCT
810,CACAT
811,ACGAC
812,TTATT
813,TGTAT
814,ATCAG
815,GGATA
816,TTCGA
817,GCATT
818,GCTCA
819,TATGA
820,GATGG
821,GTTGA
822,GGTCA
823,ATCGG
824,TAGGT
825,CTCGG
826,GCGTA
827,GTCCA
828,GGTGA
829,AACTG
830,AGTGA
831,AGACG
832,CGGAG
833,AGTCA
834,CGTCT
835,TATTC
836,ACAGC
837,AAGTG
838,AGATT
839,GGTCG
840,CTGGG
841,TAAGT
842,TAAGG
843,TGAGA
844,ATGGT
845,TAGCG
846,GACAG
847,GCCTT
848,TTATG
849,ACCGA
850,TGCTT
851,ACCGG
852,TGTGC
853,GACAA
854,CGAGT
855,CGGAC
856,TTGCT
857,TCGAT
858,ACACC
859,GAGCT
860,TCCGA
861,CTAGC
862,ACAAA
863,GAAAT
864,TTACC
865,TGGCG
866,TCGTG
867,GGTTC
868,ATCAC
869,ACTTG
870,TCACT
871,GCTGT
872,AATTG
873,CTTTC
874,CGGCG
875,TGGAG
876,ACTCT
877,CAATC
878,TCTTA
879,TTGCG
880,TCGCT
881,TCGAC
882,ATCGC
883,GTAGG
884,GAATT
885,CGCCG
886,CAGAG
887,AAATT
888,TCGGC
889,GTCCC
890,AACCA
891,AACCG
892,ACCAG
893,CAACC
894,TTCCC
895,TTGGG
896,CCTAT
897,TTCCT
898,CACTT
899,CTGTT
900,GGCTT
901,CACGT
902,ATCGA
903,ATGTG
904,ACCAT
905,GAGTG
906,CGGTT
907,CAATG
908,GACGA
909,GCACT
910,ATGGC
911,CGCAA
912,TCTTC
913,TTGTA
914,CTATA
915,CAGTA
916,TACTC
917,GGTGG
918,TCCAA
919,CCATG
920,CCTGT
921,ATCCG
922,AACTT
923,ATGCT
924,CACCG
925,CATTA
926,AGCAT
927,TTGTG
928,TAGAC
929,GTGCG
930,CGCCT
931,AATAG
932,CAGAT
933,TAACA
934,AACGT
935,AGGAC
936,TGCCT
937,GTCAC
938,GCCGC
939,AGCCC
940,CGTAC
941,GGCGA
942,TGCGG
943,AGTAC
944,ATGTA
945,GACTT
946,CAGTC
947,AGTTG
948,AGGTG
949,GAGAG
950,CGCAT
951,CTGCT
952,TATCC
953,GCTCT
954,CGAAC
955,TGTAC
956,TGATT
957,CCGAT
958,AGCGT
959,AAAAG
960,GCTTC
961,GATGT
962,GGGAG
963,ATGAC
964,AATCC
965,ACCGT
966,GGCAC
967,CCTTA
968,TACGT
969,GAGCA
970,GGATT
971,CCGTT
972,ATTTG
973,CCGAG
974,CCCTC
975,TGTCC
976,CTCTT
977,GTTAT
978,CTAAA
979,TCTCT
980,TAGTG
981,CCCGG
982,GACGT
983,TAGGG
984,GGGTC
985,ATCTG
986,AGTTT
987,ATATG
988,CTTGT
989,GCACA
990,TCTGG
991,GGCTG
992,GGCCT
993,AGCCT
994,AGTTA
995,CGGAA
996,CTCTA
997,CCTCG
998,TGATA
999,AGCTA
1000,ACATC
1001,GATAG
1002,AGCTG
1003,GACCC
1004,TCGCA
1005,TGCTA
1006,CGGCA
1007,TAAAC
1008,GCTGG
1009,ACGGA
1010,TGTCT
1011,GTGAA
1012,ACTGT
1013,ACCCA
1014,AGTGG
1015,GCTGC
1016,AGATA
1017,AATAA
1018,ATGCG
1019,GTTAA
1020,CGAAA
1021,CTTAA
1022,GAGGT
1023,TAGGC
