,0
0,AGGTT
1,CGACT
2,GCAAC
3,AATCT
4,CCGAA
5,GCTCA
6,CTATG
7,AGTAC
8,TATAC
9,ACACA
10,TTACT
11,ACCGT
12,TTCCT
13,GCGTG
14,CAATA
15,AAAAC
16,GAGTC
17,CCCAG
18,CTGCC
19,GGTCT
20,TAACA
21,TCCCT
22,TGTTG
23,TGAAC
24,AACTA
25,AAACT
26,TGCCG
27,AGCGG
28,GTGAG
29,ATATG
30,ATCAT
31,CGTCA
32,CTGTG
33,ATCAG
34,AGTTT
35,TTGTG
36,AGCTC
37,AAAGC
38,CTCAT
39,CTCTT
40,GGGTA
41,GCAAA
42,GAGAA
43,ATTAC
44,GCAGA
45,TTTCC
46,TGATG
47,TGTAG
48,TATTG
49,GACCA
50,ATGTT
51,TGAGG
52,ATAGG
53,GAGCC
54,CTTCA
55,CGGTG
56,CTACT
57,AATGA
58,TCACG
59,GGATT
60,CAGGG
61,CCCTT
62,AATCG
63,CCACT
64,AGCAT
65,GTTGT
66,GGCTG
67,TAATA
68,CATAG
69,TCTTA
70,AGGGC
71,GGGGA
72,TGCTT
73,GAGGA
74,CAAGC
75,CGTTT
76,CAGGT
77,CGAGA
78,GCGGA
79,GCGAC
80,ATCCC
81,CAACT
82,TCACC
83,CTCCT
84,GCTGG
85,GCTAG
86,GCGCA
87,GAAAA
88,GAACG
89,GAGCT
90,CTTGG
91,AACAA
92,CGTGT
93,ACTGT
94,GAACT
95,CTTAA
96,CCCGC
97,GCCAG
98,TCGGT
99,GGGCA
100,GCATC
101,CCGTA
102,TTCTC
103,CGCTT
104,CCGCA
105,GCCCC
106,TATGA
107,GAATG
108,CGCCA
109,GCCTC
110,TCCCC
111,CCAAA
112,TGACC
113,GATCA
114,CCTAT
115,TACAC
116,CCAGA
117,ACGTG
118,GTGTC
119,AGGAG
120,CCGAT
121,TGGCC
122,CGTAG
123,CGGTC
124,TAGAC
125,GCTCT
126,CTTTC
127,GGTAA
128,GGCCT
129,TCGAT
130,CGGGG
131,GCATG
132,TAATC
133,TACGC
134,ATTTC
135,TCGGC
136,TTACC
137,AAATG
138,AGTAA
139,GAAGT
140,GTAAT
141,ACCTC
142,ATATC
143,AGTGA
144,CACCA
145,ACCCC
146,GGTTA
147,CGCAG
148,CTTAC
149,GGTGC
150,CTCGA
151,GCCAT
152,GAACC
153,AGCCC
154,GGCAT
155,CTAAT
156,ACTTG
157,CAACG
158,GGTTC
159,CATCC
160,TACCT
161,CCATT
162,GTAGG
163,GTTTG
164,AAAGA
165,CACGC
166,ATTTA
167,TTCAC
168,CTCTC
169,GGAAG
170,GCGTA
171,CATAT
172,GTCGC
173,GGAGC
174,GTGTT
175,GACGC
176,TTAAA
177,ACTAA
178,ATCGC
179,GACCT
180,TTGGG
181,TGATA
182,CGAGT
183,AGGAC
184,AGGCA
185,GAGAG
186,ACTCT
187,AAGGA
188,CGCCC
189,TTGCG
190,CAATT
191,AGGTA
192,ATGTG
193,TTATA
194,GTTAA
195,GACTG
196,CCTTA
197,TATCA
198,AACGA
199,GTACC
200,CGCAC
201,GACAC
202,TACAT
203,CTGAG
204,GGGCT
205,CAGCA
206,CTGAC
207,AGAAC
208,GTAAA
209,TCAAG
210,AAACC
211,AACAC
212,GGAGA
213,AGCAG
214,ATCAA
215,CTACC
216,TCACT
217,GTTCC
218,GCATA
219,ATTGA
220,CTGGA
221,GGACA
222,GCAGC
223,GTCCC
224,CGTCG
225,CGACA
226,TCGAG
227,CAGTC
228,GCATT
229,CGATA
230,GCTGC
231,TCATT
232,CTTTT
233,CTAGC
234,TAAAT
235,TTATC
236,GCTCG
237,GTATG
238,GCCTA
239,AAATA
240,ATTCT
241,TGCTA
242,CTATC
243,CAAAC
244,TCCTG
245,GAGGG
246,AGACA
247,GAGCG
248,CATAA
249,TCAGC
250,GTCCA
251,CTCGT
252,TGTAA
253,CCCGA
254,TTTAT
255,ACCAA
256,ATCGT
257,CGCTA
258,TCCAA
259,TAATT
260,TCTGA
261,ATGTC
262,TGGCG
263,CACCC
264,ATACC
265,TCCCG
266,GCTTG
267,TTTTT
268,TGAGA
269,CACTT
270,CTTGC
271,CACCT
272,CGAAC
273,TCGCC
274,ACAAC
275,TGTGA
276,GGCTC
277,ATACT
278,GATCT
279,GATCC
280,AAGTG
281,TGAAA
282,GCTAA
283,TCCAT
284,ATCCG
285,AACAT
286,TGCTC
287,AGTTG
288,TTGGA
289,GGCGT
290,GTCTG
291,GTTGC
292,TTCTT
293,GAGTT
294,TCGTT
295,GTAGT
296,TAACC
297,AGCCT
298,TTAAG
299,CGAAT
300,CTACA
301,TTCAA
302,ACCCT
303,ATTCG
304,CCTCA
305,TGTCT
306,AGGAT
307,TAACT
308,AAGAT
309,CACAC
310,TGACG
311,CAATC
312,ATTCC
313,TGCGG
314,ACATG
315,CCATA
316,CAAGT
317,CCTAC
318,GTGCT
319,GGGTT
320,CGACC
321,GAACA
322,CCAGT
323,TGCCC
324,GGAAT
325,GCGCG
326,ATAGC
327,TCGCT
328,CTACG
329,GTTTC
330,TTAAC
331,TCCTT
332,CCCGG
333,GCACG
334,TACAG
335,TGGTA
336,CCAGG
337,CGGGT
338,ACAAA
339,GATTT
340,CGGCG
341,GTAGC
342,GTCGA
343,TCCGT
344,AGACG
345,CGCGC
346,CCTCG
347,TGTAT
348,GCCTG
349,TGGTG
350,ATCGA
351,CGCGG
352,CGATC
353,ATCCA
354,TCAGG
355,GAATC
356,TAACG
357,TGCGA
358,CTGTA
359,TCCAG
360,AAAGT
361,TGTAC
362,ATGCA
363,TTCCG
364,GCGCC
365,ACAGT
366,ACACT
367,GGTCA
368,GGACT
369,CGTGC
370,GGGGC
371,GTGGA
372,GCTTA
373,TAGCC
374,ATTAG
375,TTATG
376,AGCTG
377,CCCTC
378,TGGGA
379,TTCCC
380,TCTAT
381,AAGAA
382,AAGGT
383,ATAAT
384,TCTGT
385,AGTAG
386,GTTCT
387,CCGGG
388,GAAAT
389,ATCTG
390,GGTCG
391,TCACA
392,AGCAA
393,ACTTA
394,CAGGA
395,GGAGG
396,TGGCA
397,GATTA
398,AGCTA
399,TTGTT
400,TAGTG
401,CCCCG
402,GACGA
403,ACTAT
404,TGAAG
405,TGCAC
406,CTAGT
407,AAGCA
408,TCTGG
409,AGTAT
410,TACCA
411,CTCCA
412,CCGAC
413,ATGGT
414,ATTGT
415,TGGAA
416,AACCT
417,ACGGC
418,GATAT
419,GCTTC
420,TTGCC
421,CCGGA
422,GCTAC
423,ACTCC
424,TCTAC
425,AAATC
426,GTAAG
427,CGCTC
428,CGACG
429,AGTCT
430,ACGAT
431,TACCC
432,GTGAT
433,TGCCT
434,GCAAG
435,GTCTA
436,GGCTT
437,ACTGG
438,GGCTA
439,GTACT
440,AATGC
441,CGCCG
442,CGGAA
443,GTGGC
444,ATGCC
445,ATTCA
446,CTGCT
447,CGAAA
448,GATAA
449,TAGCA
450,ACAGA
451,GGTGA
452,TATCT
453,CGGAT
454,GGCGC
455,CAGTG
456,AGACT
457,CCGTC
458,TTGAG
459,CTTAT
460,ACGCG
461,AATGG
462,ACGTA
463,CGCAA
464,TTAGC
465,GTATC
466,ATAAG
467,AAGCG
468,CAACA
469,TTGTC
470,TGAAT
471,GATAC
472,GACTC
473,ACGGA
474,GCAGG
475,GGGAA
476,ACTCA
477,GCACT
478,TATCC
479,ACGGT
480,CTTAG
481,TCCTA
482,CCACC
483,AACGC
484,AAAAT
485,CGAAG
486,AGTGG
487,GGAGT
488,TAAGA
489,AATCC
490,CCCTG
491,TCGTG
492,TTCCA
493,TATAT
494,AGTCG
495,TTACA
496,AGATC
497,TTTCT
498,GTTAC
499,ATGAT
500,CTGCG
501,CACTC
502,TGACT
503,TACGA
504,GTCCT
505,AGCTT
506,CCGTT
507,CGTCC
508,GGAAA
509,TAAGT
510,CAAAA
511,CGTTC
512,GTGTG
513,GCCGG
514,GGCCA
515,ATATA
516,TGCAA
517,ATCTA
518,GTGCA
519,GCGAT
520,GGTTG
521,AATAC
522,AGCCA
523,ATGAG
524,CATGA
525,GTTAT
526,AGGGA
527,CGCGA
528,GTTGG
529,AACCC
530,TTTGT
531,CGAGC
532,GGAAC
533,AGCAC
534,TTAGG
535,AGACC
536,CAGAA
537,CCCCA
538,AACTG
539,TTTAG
540,TCAAC
541,TCAAT
542,ATATT
543,ACTCG
544,TCCGG
545,AAACG
546,GCAGT
547,ACCTA
548,TAGAT
549,GATGA
550,GTCTC
551,ATCCT
552,AAAGG
553,TTGAT
554,CCAAG
555,CCTTC
556,AGAGC
557,CTAGA
558,TCAGT
559,TGTTC
560,CAGGC
561,AGGGG
562,TTTAA
563,ACCGC
564,TGGGC
565,CCGTG
566,CATTT
567,CCTCC
568,ACCTT
569,TGATC
570,CTTGA
571,CGGTA
572,GAAAG
573,GAATT
574,CATTA
575,GGCCG
576,CACGT
577,CTCGC
578,CGGAG
579,GCTTT
580,GCTCC
581,TAGCG
582,GAGTG
583,GCTGT
584,AGTGT
585,TACGG
586,ACGGG
587,GACCG
588,CACTG
589,CCGAG
590,GCCGC
591,TTCAG
592,AGAGG
593,GAGGC
594,ATGGG
595,TCCCA
596,GGGGG
597,CAGAG
598,GTGAC
599,AGGAA
600,CTGGT
601,CGTGG
602,TCTTG
603,GGGTC
604,GTGGT
605,AGGCG
606,TGTCG
607,TTTTG
608,TCATC
609,GGCCC
610,TAAGC
611,CGGCT
612,ACCCG
613,GCTGA
614,CGTTA
615,TAGTC
616,TTCGT
617,TCCGC
618,TTTGC
619,TCGCG
620,TGGTC
621,ATTGG
622,TAGTA
623,CGCCT
624,AAGCC
625,AATAG
626,GGGTG
627,TCTAA
628,AAGTT
629,CGGGC
630,ATGAC
631,GAAGC
632,CTTCC
633,CATCG
634,TAAAC
635,AAGAG
636,CGGGA
637,AGCGC
638,CAGCT
639,GTGCC
640,TCATA
641,GCCAC
642,GTATT
643,TTGCA
644,TAGGA
645,CGTCT
646,CCTTG
647,CCTAA
648,TGGAC
649,GGCGA
650,GGTTT
651,CCTCT
652,GTTCA
653,AAAAG
654,TGTCA
655,CTCAA
656,CGAGG
657,CATGC
658,TTTTC
659,CGGCA
660,ACCAT
661,CTTGT
662,CAGCG
663,CAGAC
664,CTGGG
665,ACGTT
666,CCCCC
667,TTCTG
668,AGATT
669,ACAGC
670,CTAAA
671,TTAGT
672,TGAGC
673,TGCTG
674,CAAGG
675,CATCT
676,TAAGG
677,GCACC
678,GAGTA
679,TACGT
680,ATAGA
681,GTCAT
682,AGTTC
683,TACTG
684,CACAA
685,CTATA
686,ATCAC
687,GACAT
688,TCCAC
689,TCTCT
690,TTGCT
691,GTGAA
692,TGGCT
693,GTGCG
694,ACAAT
695,TGCGC
696,GCGCT
697,TAAAA
698,CCCAC
699,CAACC
700,GACAA
701,GCCAA
702,TGCAT
703,GGATC
704,CATTC
705,GGTGG
706,TCTTC
707,GTAAC
708,CGGAC
709,TAGTT
710,AACTC
711,ACATC
712,GGGAT
713,CGATT
714,CCTTT
715,CGTTG
716,AGCGA
717,CCAAC
718,GTTTT
719,GACTA
720,CCTGC
721,GGCAC
722,ATGGC
723,CCGCT
724,ACCAC
725,ACCGG
726,AGATG
727,ACTAG
728,ATAAA
729,GGGAG
730,GTATA
731,CCCAT
732,CCAGC
733,CTAGG
734,ACGTC
735,AAAAA
736,ACCAG
737,TCGAA
738,TCTAG
739,ATGCT
740,AGAAT
741,GTGGG
742,ACGAA
743,ACCGA
744,CGCTG
745,GATTG
746,GCAAT
747,CTCAC
748,TTCAT
749,GGATA
750,AATAA
751,AATTG
752,GCCGT
753,CCGGC
754,ATCGG
755,AGGCC
756,AGTCC
757,GCGTC
758,GATGC
759,CTTCG
760,TACTC
761,CCACG
762,TTGAA
763,GGACG
764,CATCA
765,ACACG
766,GTAGA
767,ACGAG
768,CAAAT
769,GGTAG
770,GAGAC
771,AGCGT
772,TATTC
773,TGTTA
774,ACCTG
775,CGCGT
776,ATGGA
777,GCCCT
778,GTGTA
779,CAAAG
780,GCGAA
781,GGATG
782,ACACC
783,TTGAC
784,TTTAC
785,AAGGC
786,CGGTT
787,CTTTG
788,TTACG
789,CCCTA
790,CTCCG
791,GAAGA
792,CCCAA
793,TCTCC
794,ACATT
795,AGCCG
796,CCAAT
797,GTTCG
798,ACGCA
799,CGGCC
800,CATGG
801,TTTGG
802,CTCAG
803,CTCCC
804,GCGGG
805,GCCTT
806,ATGCG
807,GCCCG
808,GTCTT
809,TATAG
810,CCCGT
811,ACGAC
812,GGGCG
813,GATCG
814,GAATA
815,GTCCG
816,GTCAA
817,TCTGC
818,ATACG
819,TACCG
820,GAAAC
821,GGGCC
822,AAACA
823,CACTA
824,CTCTA
825,TGGGT
826,GCGAG
827,GGGGT
828,TAATG
829,TCGAC
830,TTTGA
831,TTTTA
832,GTCGT
833,ATAGT
834,AACGG
835,TTATT
836,TATAA
837,GGACC
838,TCAGA
839,AGGTG
840,GATAG
841,ATAAC
842,TCCTC
843,TGCCA
844,AACGT
845,CCTGA
846,CCGGT
847,GACGG
848,CATGT
849,TATGC
850,CTGTT
851,TGTTT
852,GCCGA
853,GGCAG
854,TTTCG
855,GGTGT
856,TAGAA
857,AAATT
858,GAGGT
859,TATTA
860,ACCCA
861,CTTTA
862,TGACA
863,TATGT
864,TCAAA
865,CTGTC
866,CACCG
867,AACTT
868,ATTTG
869,CTTCT
870,TCGTA
871,CACAG
872,ATCTC
873,CAATG
874,AGGTC
875,GGGAC
876,AATTT
877,TCGGA
878,GAAGG
879,ACGCT
880,TACAA
881,ATTTT
882,TGGAG
883,GTACA
884,CCTGG
885,CGTAC
886,TTGTA
887,AGGCT
888,ATCTT
889,GACTT
890,GGCAA
891,CTAAC
892,TTCGA
893,TAGCT
894,TATTT
895,GTCGG
896,TCGCA
897,TCGTC
898,TTCGC
899,TTTCA
900,ACTTT
901,TGTGG
902,TAGGC
903,AACCG
904,CCATC
905,AATGT
906,TTAAT
907,TAAAG
908,AGATA
909,GAGAT
910,GTCAC
911,TCTCG
912,TTAGA
913,AGAAA
914,AGTTA
915,CATAC
916,GTCAG
917,ACGCC
918,CGTAT
919,CTGCA
920,GCGGT
921,CAGTA
922,ACTTC
923,TTCTA
924,TGCGT
925,ACATA
926,TTGGC
927,GACGT
928,GTTGA
929,TATCG
930,GATGG
931,GCGTT
932,ACAAG
933,TTGGT
934,TCCGA
935,CGCAT
936,CAGTT
937,CTGAA
938,TGAGT
939,AAGTA
940,AACAG
941,ACTGC
942,TAGGT
943,ACTAC
944,TCTTT
945,TGGGG
946,ATTGC
947,GGCGG
948,CCCCT
949,AATAT
950,CCTGT
951,TCTCA
952,AATTA
953,GGTAT
954,CTCTG
955,CATTG
956,TCGGG
957,CCATG
958,GCCCA
959,TAGAG
960,TGTGC
961,TGGTT
962,GCGGC
963,GATTC
964,GTACG
965,GACAG
966,GACCC
967,AAGTC
968,CGTGA
969,AGTCA
970,AAGAC
971,CGATG
972,GCACA
973,AGAGT
974,GAGCA
975,CAAGA
976,CCTAG
977,AGAGA
978,ACTGA
979,TATGG
980,CCGCG
981,TCATG
982,TTCGG
983,CTATT
984,CCACA
985,AGAAG
986,CTAAG
987,AATTC
988,GGTCC
989,GTTTA
990,ATTAT
991,ATACA
992,AACCA
993,AAGGG
994,CACAT
995,ATTAA
996,TACTT
997,GTTAG
998,AAGCT
999,TGATT
1000,TGGAT
1001,TGTGT
1002,GATGT
1003,AATCA
1004,CCGCC
1005,CTGGC
1006,ATGTA
1007,GGTAC
1008,ACAGG
1009,GCTAT
1010,CGTAA
1011,CTGAT
1012,CACGA
1013,TAGGG
1014,ATGAA
1015,CTCGG
1016,CAGAT
1017,TGTCC
1018,TGCAG
1019,CAGCC
1020,AGGGT
1021,CACGG
1022,TACTA
1023,AGTGC